handle,name,channel_id,status
webshokutv,ã‚¦ã‚§ãƒ–è·TV,UClNZUVnSFRKKUfJYarEUqdA,æˆåŠŸ
NI-WORK,NI-WORK,UChD63R31attT5w8WOZeuXyg,æˆåŠŸ
ai_masaou,ã¾ã•ãŠAIã˜ã£ãã‚Šè§£èª¬ch,UCvHpETRVi1tXeRJoYiXHJqw,æˆåŠŸ
iketomo-ch,ã„ã‘ã¨ã‚‚ch_æ—§ãƒªãƒ¢ç ”,UCpUQnk6MaY4o3NdgJmv10cw,æˆåŠŸ
ishcreative,ã„ã£ã—ã‚… / AIã‚¯ãƒªã‚¨ã‚¤ã‚¿ãƒ¼,UCgyzX-fA6gy2lLM3bX4E0Hg,æˆåŠŸ
chaen-ai-lab,ãƒãƒ£ã‚¨ãƒ³ã€AIç ”ç©¶æ‰€ã€‘ã€œä»•äº‹ã§ä½¿ãˆã‚‹æœ€æ–°ã®AIæƒ…å ±ã‚’ç™ºä¿¡ã€œ Byãƒ‡ã‚¸ãƒ©ã‚¤ã‚º,UC9buL3Iph_f7AZxdzmiBL8Q,æˆåŠŸ
aivtuber2866,ã«ã‚ƒã‚“ãŸã®AIãƒãƒ£ãƒ³ãƒãƒ«,UCZQVTC3uLCyuJUOcRlguazA,æˆåŠŸ
keitoaiweb,KEITOã€AI&WEB chã€‘,UCfapRkagDtoQEkGeyD3uERQ,æˆåŠŸ
aifreak_ch,AI FREAK - æœ€æ–°ã®AIãƒ„ãƒ¼ãƒ«ã‚’ã”ç´¹ä»‹,UCLapF_KiSMKFWcVdXytOLgA,æˆåŠŸ
AI-geboku,AIæ§˜ã®ä¸‹åƒ•,UCNBWx9JET3iRoCXliY2G4rQ,æˆåŠŸ
ai-saborou,AIã§ã‚µãƒœã‚ã†ãƒãƒ£ãƒ³ãƒãƒ«,UC9AuyS7U4PxeDSNMJ2srarA,æˆåŠŸ
RKJVideoforyou,RKJ VIDEO ã€ã‚¤ã‚±ã¦ã„ã‚‹å‹•ç”»ã‚’ä½œã‚ŠãŸã„ãªã‚‰ã€‘,UCVARwuMmqP4tqQFUQm57oQQ,æˆåŠŸ
dartois_tv,ãƒ€ãƒ«ãƒˆãƒ¯â˜…TV,UChk3jyTp7BaOWnvUEQOLN5A,æˆåŠŸ
AI-Laboratory-in-Cocona,ã“ã“ãªã® AI ç ”ç©¶æ‰€,UCb18vBcozRjkD1PtB4pohWQ,æˆåŠŸ
ham_ai_skill,ã¯ã‚€å…ˆç”Ÿã®AIæ•™å®¤ã€AIãƒ„ãƒ¼ãƒ«ã‚’ä½“ç³»çš„ã«è§£èª¬ã€‘,UCgwv7JsLDvGTtRdFI4TVRQw,æˆåŠŸ
AIAIChatGPT-cj4sh,AIå¤§å­¦ã€AI&ChatGPTæœ€æ–°æƒ…å ±ã€‘,UCXo1SsIDZ_dke2Nr1r3qk6w,æˆåŠŸ
AICreative_and_Monetization,AIã§å‰µä½œåŠ¹ç‡åŒ–ã¨ãƒãƒã‚¿ã‚¤ã‚ºbyå—šå‘¼è›™,UCjEa-tDIQIJ-rLslyEGLZdA,æˆåŠŸ
aicampll,AIã‚­ãƒ£ãƒ³ãƒ— / ä¸­æ‘ä¿Šä¹Ÿ,UCJRUWZsQXvLlBOUeZdtIcYQ,æˆåŠŸ
safa-dayo,ã‚µãƒ•ã‚¡ã¯ãƒ¦ãƒ¼ãƒãƒ¥ãƒ¼ãƒãƒ¼ã€AIã‚¤ãƒ©ã‚¹ãƒˆã€‘,UCjSy2qn-nx6D57BS7WVqowg,æˆåŠŸ
mikimikiweb,mikimiki web ã‚¹ã‚¯ãƒ¼ãƒ«,UChxtIA33ty53Hh4MmkXNASg,æˆåŠŸ
kaichi_gpt,ã‹ã„ã¡ã®AIå¤§å­¦,UCWMrA-2fEycFnOwqzzdwWuQ,æˆåŠŸ
it-skill_routinelabo,ITã¨AIã®ãƒ«ãƒ¼ãƒ†ã‚£ãƒ³ãƒ©ãƒœ,UCmbdU1d-_oKJHE7ZtPv1vpg,æˆåŠŸ
ai.seitai,AIæ•´ä½“å¸«,UCVAkt5l6kD4igMdVoEGTGIg,æˆåŠŸ
norihikoCH,Norihiko[AI Ã— å‹•ç”»åˆ¶ä½œ],UCotwNXfqRFO6dC5aKYzxNjA,æˆåŠŸ
HARUTA-channel-4s,[å‹•ç”»ç”ŸæˆAI] å§‹ã‚æ–¹_How To ãƒãƒ£ãƒ³ãƒãƒ«,UCEH0dwKUzjCGNfkbCGpoZCg,æˆåŠŸ
mreflow,Matt Wolfe,UChpleBmo18P08aKCIgti38g,æˆåŠŸ
TwoMinutePapers,Two Minute Papers,UCbfYPyITQ-7l4upoX8nvctg,æˆåŠŸ
aiexplained-official,AI Explaine,UCNJ1Ymd5yFuUPtn21xtRbbw,æˆåŠŸ
Deeplearningai,DeepLearning.AI,UCcIXc5mJsHVYTZR1maL5l9w,æˆåŠŸ
aiadvantage,The AI Advantage,UCHhYXsLBEVVnbvsq57n1MTQ,æˆåŠŸ
MattVidPro,MattVidPro AI,UC5Wz4fFacYuON6IKbhSa7Zw,æˆåŠŸ
SirajRaval,Siraj Raval,UCWN3xxRkmTPmbKwht9FuE5A,æˆåŠŸ
Aitrepreneur,AITrepreneur,UCEAbqW0HFB_UxZoUDO0kJBw,æˆåŠŸ
OlivioSarikas,Olivio Sarikas,UCCKx8mAHiFus-XYQLy_WnaA,æˆåŠŸ
LiamOttley,Liam Ottley,UCui4jxDaMb53Gdh-AZUTPAg,æˆåŠŸ
futurepedia_io,Futurepedia,UC_RovKmk0OCbuZjA8f08opw,æˆåŠŸ
airevolutionx,AI Revolution,UC5l7RouTQ60oUjLjt1Nh-UQ,æˆåŠŸ
WesRoth,Wes Roth,UCqcbQf6yw5KzRoDDcZ_wBSw,æˆåŠŸ
BlackMixture,Black Mixture,UCOwFX-YFktXxEIX7-IPjlKQ,æˆåŠŸ
SkillLeapAI,Skill Leap AI,UCwSozl89jl2zUDzQ4jGJD3g,æˆåŠŸ
AllAboutAI,All About AI,UCR9j1jqqB5Rse69wjUnbYwA,æˆåŠŸ
Corbin_Brown,Corbin Brown,UCJFMlSxcvlZg5yZUYJT0Pug,æˆåŠŸ
JordanHarrod,Jordan Harrod,UC1H1NWNTG2Xi3pt85ykVSHA,æˆåŠŸ
cyberjungle,Cyberjungle,UCsilEv_20FmmBr5CDzmTMgg,æˆåŠŸ
DevelopersDigest,Developer's Digest,UCuE6iwZKgGz8s6kznBRI9LQ,æˆåŠŸ
theAIsearch,AI Search,UCIgnGlGkVRhd4qNFcEwLL4A,æˆåŠŸ
matthew_berman,Matthew Berman,UCawZsQWqfGSbCI5yjkdVkTA,æˆåŠŸ
WhatsAI,What's AI by Louis-FranÃ§ois Bouchard,UCUzGQrN-lyyc0BWTYoJM_Sg,æˆåŠŸ
artificialintelligencenews1373,Artificial Intelligence News Daily,UCItylrp-EOkBwsUT7c_Xkxg,æˆåŠŸ
jamesbriggs,James Briggs,UCv83tO5cePwHMt1952IVVHw,æˆåŠŸ
AssemblyAI,AssemblyAI,UCtatfZMf-8EkIwASXM4ts0A,æˆåŠŸ
DotCSVLab,Dot CSV Lab,UCOTko-zmnQTcOxSRdg5_uOQ,æˆåŠŸ
SDESALVAJE,ğŸ’€ SALVAJE ğŸ’€,UCHSOfqMtzD0_3i7_593NGGw,æˆåŠŸ
XavierMitjana,Xavier Mitjana,UCp2Zmdh40GJJJ2T5vWsMZDA,æˆåŠŸ
alejavirivera,Alejavi Rivera,UCxcDzs-4quJV4QsairlFYNg,æˆåŠŸ
la_inteligencia_artificial,Inteligencia Artificial,UCl5-lvQyfILb-l2abPk4Ntg,æˆåŠŸ
MigueBaenaIA,Migue Baena IA,UCX_dT6nVtCIHRo_GFOsWK2A,æˆåŠŸ
